loss,key,optimizer,epoch,dense,neuron,score
mean_squared_error,1,SGD,30,3,64,0.663825088095481
mean_squared_error,1,SGD,30,3,128,0.5676606839434963
mean_squared_error,1,SGD,30,4,64,0.7503606601685688
mean_squared_error,1,SGD,30,4,128,0.6877836087384164
mean_squared_error,1,SGD,30,5,64,0.7980780053238372
mean_squared_error,1,SGD,30,5,128,0.7631971612047298
mean_squared_error,1,SGD,30,6,64,0.7995164578282483
mean_squared_error,1,SGD,30,6,128,0.8498805855911223
mean_squared_error,1,SGD,40,3,64,0.6456269945523314
mean_squared_error,1,SGD,40,3,128,0.7163311007927422
mean_squared_error,1,SGD,40,4,64,0.8543541894835216
mean_squared_error,1,SGD,40,4,128,0.7271622950699135
mean_squared_error,1,SGD,40,5,64,0.7811032680186669
mean_squared_error,1,SGD,40,5,128,0.8852928403427558
mean_squared_error,1,SGD,40,6,64,0.8734374888798963
mean_squared_error,1,SGD,40,6,128,0.9212236353211324
mean_squared_error,1,SGD,50,3,64,0.7158495041049634
mean_squared_error,1,SGD,50,3,128,0.6744509417237443
mean_squared_error,1,SGD,50,4,64,0.8335333728170768
mean_squared_error,1,SGD,50,4,128,0.8506022532838345
mean_squared_error,1,SGD,50,5,64,0.7671171464292912
mean_squared_error,1,SGD,50,5,128,0.8495753060241908
mean_squared_error,1,SGD,50,6,64,0.8979993829424635
mean_squared_error,1,SGD,50,6,128,0.8289618120401447
mean_squared_error,1,SGD,60,3,64,0.7202975991463529
mean_squared_error,1,SGD,60,3,128,0.7502415808918237
mean_squared_error,1,SGD,60,4,64,0.802854327387108
mean_squared_error,1,SGD,60,4,128,0.8688633247100431
mean_squared_error,1,SGD,60,5,64,0.8924122751791154
mean_squared_error,1,SGD,60,5,128,0.909740222656973
mean_squared_error,1,SGD,60,6,64,0.8909422482048774
mean_squared_error,1,SGD,60,6,128,0.8568307434140228
mean_squared_error,1,RMSprop,30,3,64,0.3146288990875856
mean_squared_error,1,RMSprop,30,3,128,0.7312775791630733
mean_squared_error,1,RMSprop,30,4,64,0.6758146736435723
mean_squared_error,1,RMSprop,30,4,128,0.638718885039395
mean_squared_error,1,RMSprop,30,5,64,0.7737241244364101
mean_squared_error,1,RMSprop,30,5,128,0.7301792261743234
mean_squared_error,1,RMSprop,30,6,64,0.690547642728312
mean_squared_error,1,RMSprop,30,6,128,0.7789189967939536
mean_squared_error,1,RMSprop,40,3,64,0.5146187522953859
mean_squared_error,1,RMSprop,40,3,128,0.7218085053315408
mean_squared_error,1,RMSprop,40,4,64,0.6551393763539444
mean_squared_error,1,RMSprop,40,4,128,0.7225114124230262
mean_squared_error,1,RMSprop,40,5,64,0.7176797751684552
mean_squared_error,1,RMSprop,40,5,128,0.6467621596603028
mean_squared_error,1,RMSprop,40,6,64,0.729031097638409
mean_squared_error,1,RMSprop,40,6,128,0.5569905570668733
mean_squared_error,1,RMSprop,50,3,64,0.7760400903783622
mean_squared_error,1,RMSprop,50,3,128,0.7434088351072934
mean_squared_error,1,RMSprop,50,4,64,0.5531386092376085
mean_squared_error,1,RMSprop,50,4,128,0.6764589971019597
mean_squared_error,1,RMSprop,50,5,64,0.8152814639097826
mean_squared_error,1,RMSprop,50,5,128,0.7517596399476778
mean_squared_error,1,RMSprop,50,6,64,0.7462994529239426
mean_squared_error,1,RMSprop,50,6,128,0.7512110023650462
mean_squared_error,1,RMSprop,60,3,64,0.6762304563716498
mean_squared_error,1,RMSprop,60,3,128,0.6242665119367148
mean_squared_error,1,RMSprop,60,4,64,0.686382561430791
mean_squared_error,1,RMSprop,60,4,128,0.8479810232373237
mean_squared_error,1,RMSprop,60,5,64,0.6904470842691663
mean_squared_error,1,RMSprop,60,5,128,0.7844595641577737
mean_squared_error,1,RMSprop,60,6,64,0.7573779894506703
mean_squared_error,1,RMSprop,60,6,128,0.6675902682288355
mean_squared_error,1,Adam,30,3,64,-0.8445712115668393
mean_squared_error,1,Adam,30,3,128,0.292763062274465
mean_squared_error,1,Adam,30,4,64,0.17129020212789736
mean_squared_error,1,Adam,30,4,128,0.36197271257640873
mean_squared_error,1,Adam,30,5,64,-0.7657965844342103
mean_squared_error,1,Adam,30,5,128,-0.18545809723397255
mean_squared_error,1,Adam,30,6,64,-1.2122980519171178
mean_squared_error,1,Adam,30,6,128,0.5048580784224361
mean_squared_error,1,Adam,40,3,64,0.4554448193717523
mean_squared_error,1,Adam,40,3,128,0.5625156672811256
mean_squared_error,1,Adam,40,4,64,0.6367969756133964
mean_squared_error,1,Adam,40,4,128,0.5509400929218777
mean_squared_error,1,Adam,40,5,64,0.537127983448463
mean_squared_error,1,Adam,40,5,128,0.6838105913109354
mean_squared_error,1,Adam,40,6,64,0.6560545342987196
mean_squared_error,1,Adam,40,6,128,0.7621537314122282
mean_squared_error,1,Adam,50,3,64,0.40855158344148623
mean_squared_error,1,Adam,50,3,128,0.750798970428407
mean_squared_error,1,Adam,50,4,64,0.587830408815597
mean_squared_error,1,Adam,50,4,128,0.7196802373590073
mean_squared_error,1,Adam,50,5,64,0.790691756676263
mean_squared_error,1,Adam,50,5,128,0.6671487812028774
mean_squared_error,1,Adam,50,6,64,0.7645714555463649
mean_squared_error,1,Adam,50,6,128,0.8346414769993902
mean_squared_error,1,Adam,60,3,64,0.5489031012442518
mean_squared_error,1,Adam,60,3,128,0.6534872244929623
mean_squared_error,1,Adam,60,4,64,0.6544255016726772
mean_squared_error,1,Adam,60,4,128,0.7695132401789467
mean_squared_error,1,Adam,60,5,64,0.6507275154462948
mean_squared_error,1,Adam,60,5,128,0.8288295633620688
mean_squared_error,1,Adam,60,6,64,0.8368957538637394
mean_squared_error,1,Adam,60,6,128,0.8725377124743847
mean_squared_error,1,Adadelta,30,3,64,-11.82929038195662
mean_squared_error,1,Adadelta,30,3,128,-12.048354258083831
mean_squared_error,1,Adadelta,30,4,64,-12.409808750771981
mean_squared_error,1,Adadelta,30,4,128,-12.271161037639779
mean_squared_error,1,Adadelta,30,5,64,-12.185677180635505
mean_squared_error,1,Adadelta,30,5,128,-12.685793480350174
mean_squared_error,1,Adadelta,30,6,64,-12.284265892405047
mean_squared_error,1,Adadelta,30,6,128,-12.266121028876002
mean_squared_error,1,Adadelta,40,3,64,-11.93546622975577
mean_squared_error,1,Adadelta,40,3,128,-13.153759039886586
mean_squared_error,1,Adadelta,40,4,64,-12.2506381090691
mean_squared_error,1,Adadelta,40,4,128,-12.47967730468483
mean_squared_error,1,Adadelta,40,5,64,-11.886982274385595
mean_squared_error,1,Adadelta,40,5,128,-11.902632975762588
mean_squared_error,1,Adadelta,40,6,64,-12.291702040983004
mean_squared_error,1,Adadelta,40,6,128,-12.247292041745418
mean_squared_error,1,Adadelta,50,3,64,-11.947624148077473
mean_squared_error,1,Adadelta,50,3,128,-11.887767590710784
mean_squared_error,1,Adadelta,50,4,64,-12.946520653312716
mean_squared_error,1,Adadelta,50,4,128,-12.505292384378718
mean_squared_error,1,Adadelta,50,5,64,-12.35996327352581
mean_squared_error,1,Adadelta,50,5,128,-12.454618682797705
mean_squared_error,1,Adadelta,50,6,64,-12.341595430580119
mean_squared_error,1,Adadelta,50,6,128,-12.412664025168818
mean_squared_error,1,Adadelta,60,3,64,-12.191185043117617
mean_squared_error,1,Adadelta,60,3,128,-11.906356268466956
mean_squared_error,1,Adadelta,60,4,64,-12.471616418133296
mean_squared_error,1,Adadelta,60,4,128,-12.082701543796901
mean_squared_error,1,Adadelta,60,5,64,-12.322667799997738
mean_squared_error,1,Adadelta,60,5,128,-12.259878150533556
mean_squared_error,1,Adadelta,60,6,64,-12.523057439021942
mean_squared_error,1,Adadelta,60,6,128,-12.317670609619949
mean_squared_error,1,Adagrad,30,3,64,-4.569906099374679
mean_squared_error,1,Adagrad,30,3,128,-2.4012999209330403
mean_squared_error,1,Adagrad,30,4,64,-4.128217861468217
mean_squared_error,1,Adagrad,30,4,128,-0.5720357573847208
mean_squared_error,1,Adagrad,30,5,64,-3.6466723487899912
mean_squared_error,1,Adagrad,30,5,128,0.06269399398690234
mean_squared_error,1,Adagrad,30,6,64,-2.27575068717937
mean_squared_error,1,Adagrad,30,6,128,0.35436730475508704
mean_squared_error,1,Adagrad,40,3,64,-4.3199117246019165
mean_squared_error,1,Adagrad,40,3,128,-0.3142589563477174
mean_squared_error,1,Adagrad,40,4,64,-2.2132563408841643
mean_squared_error,1,Adagrad,40,4,128,0.30887777831120367
mean_squared_error,1,Adagrad,40,5,64,-0.09506383614090419
mean_squared_error,1,Adagrad,40,5,128,0.48219555069161535
mean_squared_error,1,Adagrad,40,6,64,-2.530526154731873
mean_squared_error,1,Adagrad,40,6,128,0.3961828081155483
mean_squared_error,1,Adagrad,50,3,64,-1.4223520092946798
mean_squared_error,1,Adagrad,50,3,128,-0.21342544127532426
mean_squared_error,1,Adagrad,50,4,64,-0.3694573291605141
mean_squared_error,1,Adagrad,50,4,128,0.28444347576599516
mean_squared_error,1,Adagrad,50,5,64,-0.5170674306726999
mean_squared_error,1,Adagrad,50,5,128,0.5508403198811564
mean_squared_error,1,Adagrad,50,6,64,-1.7393333824286787
mean_squared_error,1,Adagrad,50,6,128,0.6501120678385259
mean_squared_error,1,Adagrad,60,3,64,-2.5721788089695274
mean_squared_error,1,Adagrad,60,3,128,0.3470367067801049
mean_squared_error,1,Adagrad,60,4,64,-1.154361124282559
mean_squared_error,1,Adagrad,60,4,128,0.5495398854488897
mean_squared_error,1,Adagrad,60,5,64,0.16437519667984168
mean_squared_error,1,Adagrad,60,5,128,0.572163696932525
mean_squared_error,1,Adagrad,60,6,64,-0.2372374577633003
mean_squared_error,1,Adagrad,60,6,128,0.5269187065675418
mean_squared_error,1,Adamax,30,3,64,-0.809260406582454
mean_squared_error,1,Adamax,30,3,128,-0.036010741281042424
mean_squared_error,1,Adamax,30,4,64,0.0002992823537988354
mean_squared_error,1,Adamax,30,4,128,0.5293132411354772
mean_squared_error,1,Adamax,30,5,64,-0.2581765115132537
mean_squared_error,1,Adamax,30,5,128,0.6107375679256599
mean_squared_error,1,Adamax,30,6,64,-2.1673803848908504
mean_squared_error,1,Adamax,30,6,128,0.5319356046993386
mean_squared_error,1,Adamax,40,3,64,-0.04024974661249625
mean_squared_error,1,Adamax,40,3,128,-0.296263250048987
mean_squared_error,1,Adamax,40,4,64,0.44290941195349376
mean_squared_error,1,Adamax,40,4,128,0.6169141714277668
mean_squared_error,1,Adamax,40,5,64,-0.3126425229034311
mean_squared_error,1,Adamax,40,5,128,0.6608055761281614
mean_squared_error,1,Adamax,40,6,64,0.4629199445163976
mean_squared_error,1,Adamax,40,6,128,0.8280698988861452
mean_squared_error,1,Adamax,50,3,64,0.45309193990385754
mean_squared_error,1,Adamax,50,3,128,0.4779793381599977
mean_squared_error,1,Adamax,50,4,64,-0.33712255967787885
mean_squared_error,1,Adamax,50,4,128,0.7692002999951286
mean_squared_error,1,Adamax,50,5,64,0.5949963608114186
mean_squared_error,1,Adamax,50,5,128,0.6507636791870162
mean_squared_error,1,Adamax,50,6,64,0.5674561902705684
mean_squared_error,1,Adamax,50,6,128,0.859877252762943
mean_squared_error,1,Adamax,60,3,64,0.4567262206604924
mean_squared_error,1,Adamax,60,3,128,0.5347032847413569
mean_squared_error,1,Adamax,60,4,64,0.5824898420993931
mean_squared_error,1,Adamax,60,4,128,0.7031902322440887
mean_squared_error,1,Adamax,60,5,64,0.8096385921796784
mean_squared_error,1,Adamax,60,5,128,0.7330295191576301
mean_squared_error,1,Adamax,60,6,64,0.6384899022515914
mean_squared_error,1,Adamax,60,6,128,0.8221463813102499
mean_squared_error,1,Nadam,30,3,64,0.22605743329246553
mean_squared_error,1,Nadam,30,3,128,0.6324609886806531
mean_squared_error,1,Nadam,30,4,64,0.5109823266268934
mean_squared_error,1,Nadam,30,4,128,0.7879889634282333
mean_squared_error,1,Nadam,30,5,64,0.7648300514873663
mean_squared_error,1,Nadam,30,5,128,0.8410965938248236
mean_squared_error,1,Nadam,30,6,64,0.7321002617005591
mean_squared_error,1,Nadam,30,6,128,0.8718981145639024
mean_squared_error,1,Nadam,40,3,64,0.6049884041865772
mean_squared_error,1,Nadam,40,3,128,0.5952730543508862
mean_squared_error,1,Nadam,40,4,64,0.5074049727879448
mean_squared_error,1,Nadam,40,4,128,0.8459253265657772
mean_squared_error,1,Nadam,40,5,64,0.7437487215481121
mean_squared_error,1,Nadam,40,5,128,0.8965997271855665
mean_squared_error,1,Nadam,40,6,64,0.7572881934885352
mean_squared_error,1,Nadam,40,6,128,0.7800719479726447
mean_squared_error,1,Nadam,50,3,64,0.5406136242021915
mean_squared_error,1,Nadam,50,3,128,0.7100943994513438
mean_squared_error,1,Nadam,50,4,64,0.6806494261166145
mean_squared_error,1,Nadam,50,4,128,0.8173782800318523
mean_squared_error,1,Nadam,50,5,64,0.9406085981212139
mean_squared_error,1,Nadam,50,5,128,0.8710652682093294
mean_squared_error,1,Nadam,50,6,64,0.927193887793256
mean_squared_error,1,Nadam,50,6,128,0.8528093981604561
mean_squared_error,1,Nadam,60,3,64,0.5616814564396219
mean_squared_error,1,Nadam,60,3,128,0.7655126271259634
mean_squared_error,1,Nadam,60,4,64,0.6867993682915796
mean_squared_error,1,Nadam,60,4,128,0.8283821252770649
mean_squared_error,1,Nadam,60,5,64,0.7459414155901732
mean_squared_error,1,Nadam,60,5,128,0.8899664830696068
mean_squared_error,1,Nadam,60,6,64,0.8682002446026418
mean_squared_error,1,Nadam,60,6,128,0.8508082680665958
mean_absolute_error,1,SGD,30,3,64,0.47206511050213396
mean_absolute_error,1,SGD,30,3,128,0.6172088090078347
mean_absolute_error,1,SGD,30,4,64,0.5440497013669197
mean_absolute_error,1,SGD,30,4,128,0.606631960144183
mean_absolute_error,1,SGD,30,5,64,0.41225933448451646
mean_absolute_error,1,SGD,30,5,128,0.6801659876386498
mean_absolute_error,1,SGD,30,6,64,0.5989071664847572
mean_absolute_error,1,SGD,30,6,128,0.47162541556725146
mean_absolute_error,1,SGD,40,3,64,0.44560110080693505
mean_absolute_error,1,SGD,40,3,128,0.5729620739681232
mean_absolute_error,1,SGD,40,4,64,0.7056174870717762
mean_absolute_error,1,SGD,40,4,128,0.6054170703540318
mean_absolute_error,1,SGD,40,5,64,0.7135890739945536
mean_absolute_error,1,SGD,40,5,128,0.5441473620887511
mean_absolute_error,1,SGD,40,6,64,0.5485110133965421
mean_absolute_error,1,SGD,40,6,128,0.6750370866440172
mean_absolute_error,1,SGD,50,3,64,0.5724563819430554
mean_absolute_error,1,SGD,50,3,128,0.4484720641714032
mean_absolute_error,1,SGD,50,4,64,0.6383693324474826
mean_absolute_error,1,SGD,50,4,128,0.6124864318542118
mean_absolute_error,1,SGD,50,5,64,0.6062923878869908
mean_absolute_error,1,SGD,50,5,128,0.7014045274749574
mean_absolute_error,1,SGD,50,6,64,0.600960589871925
mean_absolute_error,1,SGD,50,6,128,0.7364722037939897
mean_absolute_error,1,SGD,60,3,64,0.5044009731097805
mean_absolute_error,1,SGD,60,3,128,0.6618524434624516
mean_absolute_error,1,SGD,60,4,64,0.7054571344173086
mean_absolute_error,1,SGD,60,4,128,0.6521900881832317
mean_absolute_error,1,SGD,60,5,64,0.7305277628453039
mean_absolute_error,1,SGD,60,5,128,0.6200068857624613
mean_absolute_error,1,SGD,60,6,64,0.6847260678050715
mean_absolute_error,1,SGD,60,6,128,0.657445192890364
mean_absolute_error,1,RMSprop,30,3,64,0.49258401010084485
mean_absolute_error,1,RMSprop,30,3,128,0.5639991147583197
mean_absolute_error,1,RMSprop,30,4,64,0.6722403681558018
mean_absolute_error,1,RMSprop,30,4,128,0.778926576281147
mean_absolute_error,1,RMSprop,30,5,64,0.7526098966002656
mean_absolute_error,1,RMSprop,30,5,128,0.7187797504440185
mean_absolute_error,1,RMSprop,30,6,64,0.8195654464162689
mean_absolute_error,1,RMSprop,30,6,128,0.7284771508332595
mean_absolute_error,1,RMSprop,40,3,64,0.6546432829086545
mean_absolute_error,1,RMSprop,40,3,128,0.6270948244284571
mean_absolute_error,1,RMSprop,40,4,64,0.6016216438923503
mean_absolute_error,1,RMSprop,40,4,128,0.7546488136917204
mean_absolute_error,1,RMSprop,40,5,64,0.7263625487236672
mean_absolute_error,1,RMSprop,40,5,128,0.7925246272027525
mean_absolute_error,1,RMSprop,40,6,64,0.7625916124085587
mean_absolute_error,1,RMSprop,40,6,128,0.6635123546552438
mean_absolute_error,1,RMSprop,50,3,64,0.6893729734255531
mean_absolute_error,1,RMSprop,50,3,128,0.7304279773597053
mean_absolute_error,1,RMSprop,50,4,64,0.7794250854702262
mean_absolute_error,1,RMSprop,50,4,128,0.6740214796511015
mean_absolute_error,1,RMSprop,50,5,64,0.8676755099206652
mean_absolute_error,1,RMSprop,50,5,128,0.6959278690750192
mean_absolute_error,1,RMSprop,50,6,64,0.7173593543417596
mean_absolute_error,1,RMSprop,50,6,128,0.7685831330453783
mean_absolute_error,1,RMSprop,60,3,64,0.6942273065417449
mean_absolute_error,1,RMSprop,60,3,128,0.5996653466673767
mean_absolute_error,1,RMSprop,60,4,64,0.8101791927287164
mean_absolute_error,1,RMSprop,60,4,128,0.7337210062642917
mean_absolute_error,1,RMSprop,60,5,64,0.7587930445482763
mean_absolute_error,1,RMSprop,60,5,128,0.6668270367356355
mean_absolute_error,1,RMSprop,60,6,64,0.7834076300949104
mean_absolute_error,1,RMSprop,60,6,128,0.7319073966568543
mean_absolute_error,1,Adam,30,3,64,-0.30284841600545587
mean_absolute_error,1,Adam,30,3,128,0.48708420334444946
mean_absolute_error,1,Adam,30,4,64,0.4056393598330036
mean_absolute_error,1,Adam,30,4,128,0.8197821215337594
mean_absolute_error,1,Adam,30,5,64,0.4711972697003667
mean_absolute_error,1,Adam,30,5,128,0.7954650723530772
mean_absolute_error,1,Adam,30,6,64,0.20405925747676923
mean_absolute_error,1,Adam,30,6,128,0.17336857182749255
mean_absolute_error,1,Adam,40,3,64,0.43668777200595943
mean_absolute_error,1,Adam,40,3,128,0.6592697579897764
mean_absolute_error,1,Adam,40,4,64,0.6404080684558207
mean_absolute_error,1,Adam,40,4,128,0.7721633602482831
mean_absolute_error,1,Adam,40,5,64,0.5195124240163386
mean_absolute_error,1,Adam,40,5,128,0.7854645082583269
mean_absolute_error,1,Adam,40,6,64,-0.13534353471954486
mean_absolute_error,1,Adam,40,6,128,0.8341793616352323
mean_absolute_error,1,Adam,50,3,64,0.5933499158725049
mean_absolute_error,1,Adam,50,3,128,0.6823318857659897
mean_absolute_error,1,Adam,50,4,64,0.7447043580778834
mean_absolute_error,1,Adam,50,4,128,0.8059254443651838
mean_absolute_error,1,Adam,50,5,64,0.8031254778682242
mean_absolute_error,1,Adam,50,5,128,0.9304472411074511
mean_absolute_error,1,Adam,50,6,64,0.8658559096211581
mean_absolute_error,1,Adam,50,6,128,0.9021629961813279
mean_absolute_error,1,Adam,60,3,64,0.775221602981857
mean_absolute_error,1,Adam,60,3,128,0.8457584730022647
mean_absolute_error,1,Adam,60,4,64,0.6482349802618903
mean_absolute_error,1,Adam,60,4,128,0.8408405903324925
mean_absolute_error,1,Adam,60,5,64,0.8075988392638853
mean_absolute_error,1,Adam,60,5,128,0.9473841353386738
mean_absolute_error,1,Adam,60,6,64,0.741094769766347
mean_absolute_error,1,Adam,60,6,128,0.8882089046032495
mean_absolute_error,1,Adadelta,30,3,64,-12.416528640805481
mean_absolute_error,1,Adadelta,30,3,128,-12.750770943622976
mean_absolute_error,1,Adadelta,30,4,64,-12.709305902998809
mean_absolute_error,1,Adadelta,30,4,128,-12.507252854415782
mean_absolute_error,1,Adadelta,30,5,64,-12.259961478840445
mean_absolute_error,1,Adadelta,30,5,128,-12.405833889826564
mean_absolute_error,1,Adadelta,30,6,64,-12.396789812360383
mean_absolute_error,1,Adadelta,30,6,128,-12.177502301981965
mean_absolute_error,1,Adadelta,40,3,64,-13.22400983659589
mean_absolute_error,1,Adadelta,40,3,128,-12.43036417853572
mean_absolute_error,1,Adadelta,40,4,64,-12.241579610031785
mean_absolute_error,1,Adadelta,40,4,128,-12.362633373404257
mean_absolute_error,1,Adadelta,40,5,64,-12.242127972995995
mean_absolute_error,1,Adadelta,40,5,128,-12.662089646047702
mean_absolute_error,1,Adadelta,40,6,64,-12.193382110385434
mean_absolute_error,1,Adadelta,40,6,128,-12.400315330687679
mean_absolute_error,1,Adadelta,50,3,64,-12.266059932156987
mean_absolute_error,1,Adadelta,50,3,128,-12.387020205771867
mean_absolute_error,1,Adadelta,50,4,64,-13.199817707970109
mean_absolute_error,1,Adadelta,50,4,128,-12.390085950011752
mean_absolute_error,1,Adadelta,50,5,64,-12.239994945563746
mean_absolute_error,1,Adadelta,50,5,128,-12.078898326193103
mean_absolute_error,1,Adadelta,50,6,64,-12.489204503099096
mean_absolute_error,1,Adadelta,50,6,128,-12.420407528178588
mean_absolute_error,1,Adadelta,60,3,64,-13.162437961701151
mean_absolute_error,1,Adadelta,60,3,128,-12.436013341227625
mean_absolute_error,1,Adadelta,60,4,64,-12.802676698552244
mean_absolute_error,1,Adadelta,60,4,128,-12.281911165117155
mean_absolute_error,1,Adadelta,60,5,64,-12.604804994330317
mean_absolute_error,1,Adadelta,60,5,128,-12.08426536412426
mean_absolute_error,1,Adadelta,60,6,64,-12.532068597497897
mean_absolute_error,1,Adadelta,60,6,128,-12.457225882772882
mean_absolute_error,1,Adagrad,30,3,64,-10.663140649177286
mean_absolute_error,1,Adagrad,30,3,128,-10.004550657736766
mean_absolute_error,1,Adagrad,30,4,64,-9.368134688993493
mean_absolute_error,1,Adagrad,30,4,128,-7.774911974022155
mean_absolute_error,1,Adagrad,30,5,64,-10.522970855698961
mean_absolute_error,1,Adagrad,30,5,128,-9.52232192954381
mean_absolute_error,1,Adagrad,30,6,64,-10.329980928701918
mean_absolute_error,1,Adagrad,30,6,128,-11.064870763312635
mean_absolute_error,1,Adagrad,40,3,64,-8.321089101966123
mean_absolute_error,1,Adagrad,40,3,128,-9.941057327996838
mean_absolute_error,1,Adagrad,40,4,64,-9.153967820545281
mean_absolute_error,1,Adagrad,40,4,128,-4.8655080561103885
mean_absolute_error,1,Adagrad,40,5,64,-9.891613278887572
mean_absolute_error,1,Adagrad,40,5,128,-6.074926726677232
mean_absolute_error,1,Adagrad,40,6,64,-4.4203599699374845
mean_absolute_error,1,Adagrad,40,6,128,-6.120400912977016
mean_absolute_error,1,Adagrad,50,3,64,-7.9336775332564375
mean_absolute_error,1,Adagrad,50,3,128,-7.859966226712764
mean_absolute_error,1,Adagrad,50,4,64,-6.137391222829571
mean_absolute_error,1,Adagrad,50,4,128,-2.864550860795993
mean_absolute_error,1,Adagrad,50,5,64,-4.485786075055946
mean_absolute_error,1,Adagrad,50,5,128,-0.8962238683121186
mean_absolute_error,1,Adagrad,50,6,64,-8.472218972203004
mean_absolute_error,1,Adagrad,50,6,128,-1.5471538160994238
mean_absolute_error,1,Adagrad,60,3,64,-6.681090304981961
mean_absolute_error,1,Adagrad,60,3,128,-2.4275295547763043
mean_absolute_error,1,Adagrad,60,4,64,-3.3149738709135015
mean_absolute_error,1,Adagrad,60,4,128,-2.0851268301289174
mean_absolute_error,1,Adagrad,60,5,64,-1.9902271363958217
mean_absolute_error,1,Adagrad,60,5,128,-0.46902817679231923
mean_absolute_error,1,Adagrad,60,6,64,-2.8743640864705196
mean_absolute_error,1,Adagrad,60,6,128,-0.54879244403896
mean_absolute_error,1,Adamax,30,3,64,-0.17662898114790893
mean_absolute_error,1,Adamax,30,3,128,0.13292250423731755
mean_absolute_error,1,Adamax,30,4,64,0.4034920277442431
mean_absolute_error,1,Adamax,30,4,128,0.483986430308635
mean_absolute_error,1,Adamax,30,5,64,-1.0706881118201461
mean_absolute_error,1,Adamax,30,5,128,0.5960581090697988
mean_absolute_error,1,Adamax,30,6,64,-2.2735098706680867
mean_absolute_error,1,Adamax,30,6,128,0.7781527414280194
mean_absolute_error,1,Adamax,40,3,64,-0.0649823065185795
mean_absolute_error,1,Adamax,40,3,128,0.4813921691499571
mean_absolute_error,1,Adamax,40,4,64,0.4821662008630536
mean_absolute_error,1,Adamax,40,4,128,0.7371168258780312
mean_absolute_error,1,Adamax,40,5,64,0.1498810505447442
mean_absolute_error,1,Adamax,40,5,128,0.7228603398180216
mean_absolute_error,1,Adamax,40,6,64,0.7062375048800771
mean_absolute_error,1,Adamax,40,6,128,0.8579147021607254
mean_absolute_error,1,Adamax,50,3,64,0.451771784678782
mean_absolute_error,1,Adamax,50,3,128,0.6530966437318751
mean_absolute_error,1,Adamax,50,4,64,0.5205099939104874
mean_absolute_error,1,Adamax,50,4,128,0.9031140292924185
mean_absolute_error,1,Adamax,50,5,64,0.31745935755654897
mean_absolute_error,1,Adamax,50,5,128,0.8364994231919068
mean_absolute_error,1,Adamax,50,6,64,0.7531364957840853
mean_absolute_error,1,Adamax,50,6,128,0.8618013433064863
mean_absolute_error,1,Adamax,60,3,64,0.6723706871758474
mean_absolute_error,1,Adamax,60,3,128,0.7624830622696428
mean_absolute_error,1,Adamax,60,4,64,0.6613036853546734
mean_absolute_error,1,Adamax,60,4,128,0.8381223925566605
mean_absolute_error,1,Adamax,60,5,64,0.783063777229548
mean_absolute_error,1,Adamax,60,5,128,0.9329567513302172
mean_absolute_error,1,Adamax,60,6,64,0.5733697256746573
mean_absolute_error,1,Adamax,60,6,128,0.8746628219649807
mean_absolute_error,1,Nadam,30,3,64,-0.0790923648732893
mean_absolute_error,1,Nadam,30,3,128,0.5829659183751956
mean_absolute_error,1,Nadam,30,4,64,0.6785628402309856
mean_absolute_error,1,Nadam,30,4,128,0.7895112627421356
mean_absolute_error,1,Nadam,30,5,64,0.7116460311052831
mean_absolute_error,1,Nadam,30,5,128,0.7604999240198894
mean_absolute_error,1,Nadam,30,6,64,0.7832532722332219
mean_absolute_error,1,Nadam,30,6,128,0.6556264102857687
mean_absolute_error,1,Nadam,40,3,64,0.5528720182858473
mean_absolute_error,1,Nadam,40,3,128,0.7154958466555563
mean_absolute_error,1,Nadam,40,4,64,0.8265294775327854
mean_absolute_error,1,Nadam,40,4,128,0.8682380788876811
mean_absolute_error,1,Nadam,40,5,64,0.7681402053706784
mean_absolute_error,1,Nadam,40,5,128,0.9161975357226904
mean_absolute_error,1,Nadam,40,6,64,0.847876882396285
mean_absolute_error,1,Nadam,40,6,128,0.7518595856341151
mean_absolute_error,1,Nadam,50,3,64,0.6378919065763974
mean_absolute_error,1,Nadam,50,3,128,0.798354271292552
mean_absolute_error,1,Nadam,50,4,64,0.7717236188443755
mean_absolute_error,1,Nadam,50,4,128,0.7822669717964806
mean_absolute_error,1,Nadam,50,5,64,0.8600874832329153
mean_absolute_error,1,Nadam,50,5,128,0.7865807368064179
mean_absolute_error,1,Nadam,50,6,64,0.8191156019392591
mean_absolute_error,1,Nadam,50,6,128,0.7846585132508377
mean_absolute_error,1,Nadam,60,3,64,0.8357160323567017
mean_absolute_error,1,Nadam,60,3,128,0.6901603530824647
mean_absolute_error,1,Nadam,60,4,64,0.7662801773135512
mean_absolute_error,1,Nadam,60,4,128,0.8035641466100292
mean_absolute_error,1,Nadam,60,5,64,0.8030169041058662
mean_absolute_error,1,Nadam,60,5,128,0.8106596275478982
mean_absolute_error,1,Nadam,60,6,64,0.8785781719521345
mean_absolute_error,1,Nadam,60,6,128,0.7792647429783403
mean_absolute_percentage_error,1,SGD,30,3,64,0.6258355975277136
mean_absolute_percentage_error,1,SGD,30,3,128,0.34518108628417254
mean_absolute_percentage_error,1,SGD,30,4,64,0.46348759316810706
mean_absolute_percentage_error,1,SGD,30,4,128,0.17563898015227875
mean_absolute_percentage_error,1,SGD,30,5,64,0.6681709113215504
mean_absolute_percentage_error,1,SGD,30,5,128,0.7407521835570452
mean_absolute_percentage_error,1,SGD,30,6,64,0.34325150894882983
mean_absolute_percentage_error,1,SGD,30,6,128,0.11643955036849507
mean_absolute_percentage_error,1,SGD,40,3,64,0.6893069655884818
mean_absolute_percentage_error,1,SGD,40,3,128,0.4815793056122347
mean_absolute_percentage_error,1,SGD,40,4,64,0.6997855666787897
mean_absolute_percentage_error,1,SGD,40,4,128,0.5321539412025853
mean_absolute_percentage_error,1,SGD,40,5,64,0.5561372539883963
mean_absolute_percentage_error,1,SGD,40,5,128,0.5104402312805647
mean_absolute_percentage_error,1,SGD,40,6,64,-0.019270382975032696
mean_absolute_percentage_error,1,SGD,40,6,128,0.615608774320497
mean_absolute_percentage_error,1,SGD,50,3,64,0.5598721368502739
mean_absolute_percentage_error,1,SGD,50,3,128,0.44226051719054404
mean_absolute_percentage_error,1,SGD,50,4,64,0.66752438165894
mean_absolute_percentage_error,1,SGD,50,4,128,0.640084643346998
mean_absolute_percentage_error,1,SGD,50,5,64,0.476721158896971
mean_absolute_percentage_error,1,SGD,50,5,128,0.547763334406774
mean_absolute_percentage_error,1,SGD,50,6,64,0.39585386631025643
mean_absolute_percentage_error,1,SGD,50,6,128,0.4614993818014681
mean_absolute_percentage_error,1,SGD,60,3,64,0.6951615310802215
mean_absolute_percentage_error,1,SGD,60,3,128,0.5848998163512222
mean_absolute_percentage_error,1,SGD,60,4,64,0.7811579269013235
mean_absolute_percentage_error,1,SGD,60,4,128,0.5183599758285896
mean_absolute_percentage_error,1,SGD,60,5,64,0.6171729861367824
mean_absolute_percentage_error,1,SGD,60,5,128,0.6145977898435561
mean_absolute_percentage_error,1,SGD,60,6,64,0.5280478946359572
mean_absolute_percentage_error,1,SGD,60,6,128,0.32068643700131794
mean_absolute_percentage_error,1,RMSprop,30,3,64,0.6290240056518313
mean_absolute_percentage_error,1,RMSprop,30,3,128,0.470429829766846
mean_absolute_percentage_error,1,RMSprop,30,4,64,0.5956227342405407
mean_absolute_percentage_error,1,RMSprop,30,4,128,0.8527759554071765
mean_absolute_percentage_error,1,RMSprop,30,5,64,0.5309497592057344
mean_absolute_percentage_error,1,RMSprop,30,5,128,0.6874496149163999
mean_absolute_percentage_error,1,RMSprop,30,6,64,0.6691217031604935
mean_absolute_percentage_error,1,RMSprop,30,6,128,0.6068740387787014
mean_absolute_percentage_error,1,RMSprop,40,3,64,0.28905913102155656
mean_absolute_percentage_error,1,RMSprop,40,3,128,0.6560862783075796
mean_absolute_percentage_error,1,RMSprop,40,4,64,0.68515988013787
mean_absolute_percentage_error,1,RMSprop,40,4,128,0.6308046730027874
mean_absolute_percentage_error,1,RMSprop,40,5,64,0.7142432445454148
mean_absolute_percentage_error,1,RMSprop,40,5,128,0.7385829212669506
mean_absolute_percentage_error,1,RMSprop,40,6,64,0.8580920756641371
mean_absolute_percentage_error,1,RMSprop,40,6,128,0.6879207896368837
mean_absolute_percentage_error,1,RMSprop,50,3,64,0.6101767964533682
mean_absolute_percentage_error,1,RMSprop,50,3,128,0.7360191597842205
mean_absolute_percentage_error,1,RMSprop,50,4,64,0.8174370448558322
mean_absolute_percentage_error,1,RMSprop,50,4,128,0.6589962441054561
mean_absolute_percentage_error,1,RMSprop,50,5,64,0.776016290302406
mean_absolute_percentage_error,1,RMSprop,50,5,128,0.730625279727706
mean_absolute_percentage_error,1,RMSprop,50,6,64,0.717712954367177
mean_absolute_percentage_error,1,RMSprop,50,6,128,0.8171119982405344
mean_absolute_percentage_error,1,RMSprop,60,3,64,0.6685413890732403
mean_absolute_percentage_error,1,RMSprop,60,3,128,0.7609900523631828
mean_absolute_percentage_error,1,RMSprop,60,4,64,0.568845633811872
mean_absolute_percentage_error,1,RMSprop,60,4,128,0.7404655742489411
mean_absolute_percentage_error,1,RMSprop,60,5,64,0.8600599258777462
mean_absolute_percentage_error,1,RMSprop,60,5,128,0.8327537583173559
mean_absolute_percentage_error,1,RMSprop,60,6,64,0.8638942471184272
mean_absolute_percentage_error,1,RMSprop,60,6,128,0.770350225157103
mean_absolute_percentage_error,1,Adam,30,3,64,0.20882914768824512
mean_absolute_percentage_error,1,Adam,30,3,128,0.3511732384792724
mean_absolute_percentage_error,1,Adam,30,4,64,0.23841998961778899
mean_absolute_percentage_error,1,Adam,30,4,128,0.26960279728344316
mean_absolute_percentage_error,1,Adam,30,5,64,-0.17624454578779747
mean_absolute_percentage_error,1,Adam,30,5,128,-0.14336691764198828
mean_absolute_percentage_error,1,Adam,30,6,64,0.4210095971863316
mean_absolute_percentage_error,1,Adam,30,6,128,0.28874920996050735
mean_absolute_percentage_error,1,Adam,40,3,64,0.3604827853304152
mean_absolute_percentage_error,1,Adam,40,3,128,0.5082151131498132
mean_absolute_percentage_error,1,Adam,40,4,64,0.5284529866806431
mean_absolute_percentage_error,1,Adam,40,4,128,0.7352712663663792
mean_absolute_percentage_error,1,Adam,40,5,64,0.5341851153445843
mean_absolute_percentage_error,1,Adam,40,5,128,0.8244684415366468
mean_absolute_percentage_error,1,Adam,40,6,64,0.6700385182473638
mean_absolute_percentage_error,1,Adam,40,6,128,0.8419061766031445
mean_absolute_percentage_error,1,Adam,50,3,64,0.44588283715422417
mean_absolute_percentage_error,1,Adam,50,3,128,0.7126752961543454
mean_absolute_percentage_error,1,Adam,50,4,64,0.39144254884122076
mean_absolute_percentage_error,1,Adam,50,4,128,0.7828471019360579
mean_absolute_percentage_error,1,Adam,50,5,64,0.873413403934445
mean_absolute_percentage_error,1,Adam,50,5,128,0.8069548050684426
mean_absolute_percentage_error,1,Adam,50,6,64,0.3209572487674198
mean_absolute_percentage_error,1,Adam,50,6,128,0.8983352243992118
mean_absolute_percentage_error,1,Adam,60,3,64,0.5790430866146471
mean_absolute_percentage_error,1,Adam,60,3,128,0.744189321274799
mean_absolute_percentage_error,1,Adam,60,4,64,0.8281907213591352
mean_absolute_percentage_error,1,Adam,60,4,128,0.7565285844833005
mean_absolute_percentage_error,1,Adam,60,5,64,0.8801434571920757
mean_absolute_percentage_error,1,Adam,60,5,128,0.9030327297777151
mean_absolute_percentage_error,1,Adam,60,6,64,0.747591639974845
mean_absolute_percentage_error,1,Adam,60,6,128,0.8644013393660028
mean_absolute_percentage_error,1,Adadelta,30,3,64,-12.20586284554433
mean_absolute_percentage_error,1,Adadelta,30,3,128,-11.884246209060432
mean_absolute_percentage_error,1,Adadelta,30,4,64,-11.968529231371628
mean_absolute_percentage_error,1,Adadelta,30,4,128,-12.717643047117479
mean_absolute_percentage_error,1,Adadelta,30,5,64,-12.141353288884533
mean_absolute_percentage_error,1,Adadelta,30,5,128,-12.48869369156249
mean_absolute_percentage_error,1,Adadelta,30,6,64,-12.276133727205078
mean_absolute_percentage_error,1,Adadelta,30,6,128,-12.472337467888053
mean_absolute_percentage_error,1,Adadelta,40,3,64,-12.763851773049732
mean_absolute_percentage_error,1,Adadelta,40,3,128,-12.32802526438643
mean_absolute_percentage_error,1,Adadelta,40,4,64,-12.270854571792741
mean_absolute_percentage_error,1,Adadelta,40,4,128,-12.564223241002283
mean_absolute_percentage_error,1,Adadelta,40,5,64,-12.324212503266086
mean_absolute_percentage_error,1,Adadelta,40,5,128,-12.375963931384376
mean_absolute_percentage_error,1,Adadelta,40,6,64,-12.357504844373365
mean_absolute_percentage_error,1,Adadelta,40,6,128,-12.516460675307403
mean_absolute_percentage_error,1,Adadelta,50,3,64,-13.341618736769595
mean_absolute_percentage_error,1,Adadelta,50,3,128,-12.083146483249202
mean_absolute_percentage_error,1,Adadelta,50,4,64,-11.850890216428978
mean_absolute_percentage_error,1,Adadelta,50,4,128,-12.349269478455568
mean_absolute_percentage_error,1,Adadelta,50,5,64,-12.722129856166497
mean_absolute_percentage_error,1,Adadelta,50,5,128,-12.077896166650023
mean_absolute_percentage_error,1,Adadelta,50,6,64,-12.418195598225857
mean_absolute_percentage_error,1,Adadelta,50,6,128,-12.113156409421807
mean_absolute_percentage_error,1,Adadelta,60,3,64,-12.125565656980665
mean_absolute_percentage_error,1,Adadelta,60,3,128,-12.46407005327513
mean_absolute_percentage_error,1,Adadelta,60,4,64,-12.860337821962526
mean_absolute_percentage_error,1,Adadelta,60,4,128,-12.069409113290105
mean_absolute_percentage_error,1,Adadelta,60,5,64,-11.837479464136374
mean_absolute_percentage_error,1,Adadelta,60,5,128,-12.515622638109255
mean_absolute_percentage_error,1,Adadelta,60,6,64,-12.348807339867543
mean_absolute_percentage_error,1,Adadelta,60,6,128,-12.09429158693203
mean_absolute_percentage_error,1,Adagrad,30,3,64,-1.2989325664139972
mean_absolute_percentage_error,1,Adagrad,30,3,128,0.05010556687654755
mean_absolute_percentage_error,1,Adagrad,30,4,64,-0.4513443025718096
mean_absolute_percentage_error,1,Adagrad,30,4,128,0.49209972055570317
mean_absolute_percentage_error,1,Adagrad,30,5,64,-0.2401759029328352
mean_absolute_percentage_error,1,Adagrad,30,5,128,0.5193014142597714
mean_absolute_percentage_error,1,Adagrad,30,6,64,0.2171466673472885
mean_absolute_percentage_error,1,Adagrad,30,6,128,0.7786413975445355
mean_absolute_percentage_error,1,Adagrad,40,3,64,-1.4098250400654102
mean_absolute_percentage_error,1,Adagrad,40,3,128,0.32524198118172565
mean_absolute_percentage_error,1,Adagrad,40,4,64,-0.791435910077418
mean_absolute_percentage_error,1,Adagrad,40,4,128,0.42817434913990804
mean_absolute_percentage_error,1,Adagrad,40,5,64,-0.9697817274692389
mean_absolute_percentage_error,1,Adagrad,40,5,128,0.5780238537979738
mean_absolute_percentage_error,1,Adagrad,40,6,64,0.3740136292314461
mean_absolute_percentage_error,1,Adagrad,40,6,128,0.7262903320768883
mean_absolute_percentage_error,1,Adagrad,50,3,64,-0.03502512060177554
mean_absolute_percentage_error,1,Adagrad,50,3,128,0.14836471247954297
mean_absolute_percentage_error,1,Adagrad,50,4,64,-0.15356987098219177
mean_absolute_percentage_error,1,Adagrad,50,4,128,0.5249941696295624
mean_absolute_percentage_error,1,Adagrad,50,5,64,-0.20238523233236894
mean_absolute_percentage_error,1,Adagrad,50,5,128,0.6775525964087423
mean_absolute_percentage_error,1,Adagrad,50,6,64,0.4837768730988615
mean_absolute_percentage_error,1,Adagrad,50,6,128,0.6880218211831937
mean_absolute_percentage_error,1,Adagrad,60,3,64,-1.5164026406927609
mean_absolute_percentage_error,1,Adagrad,60,3,128,0.4551780401037455
mean_absolute_percentage_error,1,Adagrad,60,4,64,0.30003770755843495
mean_absolute_percentage_error,1,Adagrad,60,4,128,0.6786362748456304
mean_absolute_percentage_error,1,Adagrad,60,5,64,0.5113867462627677
mean_absolute_percentage_error,1,Adagrad,60,5,128,0.7295876395978118
mean_absolute_percentage_error,1,Adagrad,60,6,64,0.6219221763312407
mean_absolute_percentage_error,1,Adagrad,60,6,128,0.715818161031782
mean_absolute_percentage_error,1,Adamax,30,3,64,0.17653494369513745
mean_absolute_percentage_error,1,Adamax,30,3,128,0.31362058323778075
mean_absolute_percentage_error,1,Adamax,30,4,64,0.005358625623242408
mean_absolute_percentage_error,1,Adamax,30,4,128,0.39443356347382563
mean_absolute_percentage_error,1,Adamax,30,5,64,0.42877100730240114
mean_absolute_percentage_error,1,Adamax,30,5,128,0.6190858083488372
mean_absolute_percentage_error,1,Adamax,30,6,64,-0.3138900444647963
mean_absolute_percentage_error,1,Adamax,30,6,128,-0.9974199139452722
mean_absolute_percentage_error,1,Adamax,40,3,64,0.2857988030793136
mean_absolute_percentage_error,1,Adamax,40,3,128,0.4733080336054035
mean_absolute_percentage_error,1,Adamax,40,4,64,0.19102136028252492
mean_absolute_percentage_error,1,Adamax,40,4,128,0.6566400692446579
mean_absolute_percentage_error,1,Adamax,40,5,64,0.3156372598236278
mean_absolute_percentage_error,1,Adamax,40,5,128,0.8001466840468497
mean_absolute_percentage_error,1,Adamax,40,6,64,0.12004943993880712
mean_absolute_percentage_error,1,Adamax,40,6,128,0.8204636677355448
mean_absolute_percentage_error,1,Adamax,50,3,64,0.20693973138483845
mean_absolute_percentage_error,1,Adamax,50,3,128,0.6348254171895744
mean_absolute_percentage_error,1,Adamax,50,4,64,0.4945668686175083
mean_absolute_percentage_error,1,Adamax,50,4,128,0.7736967968944024
mean_absolute_percentage_error,1,Adamax,50,5,64,0.5601202133500764
mean_absolute_percentage_error,1,Adamax,50,5,128,0.797688386140607
mean_absolute_percentage_error,1,Adamax,50,6,64,0.5518697374182218
mean_absolute_percentage_error,1,Adamax,50,6,128,0.9507200578054846
mean_absolute_percentage_error,1,Adamax,60,3,64,0.5896730997048183
mean_absolute_percentage_error,1,Adamax,60,3,128,0.7029003356486078
mean_absolute_percentage_error,1,Adamax,60,4,64,0.6725651242088982
mean_absolute_percentage_error,1,Adamax,60,4,128,0.801344377990149
mean_absolute_percentage_error,1,Adamax,60,5,64,0.7689020240049783
mean_absolute_percentage_error,1,Adamax,60,5,128,0.5286685089001031
mean_absolute_percentage_error,1,Adamax,60,6,64,0.7773354242647523
mean_absolute_percentage_error,1,Adamax,60,6,128,0.9026768463416236
mean_absolute_percentage_error,1,Nadam,30,3,64,0.5635156556407076
mean_absolute_percentage_error,1,Nadam,30,3,128,0.6718982171816228
mean_absolute_percentage_error,1,Nadam,30,4,64,0.5123867324780089
mean_absolute_percentage_error,1,Nadam,30,4,128,0.7285369212371944
mean_absolute_percentage_error,1,Nadam,30,5,64,0.5094448939194021
mean_absolute_percentage_error,1,Nadam,30,5,128,0.7382410527568367
mean_absolute_percentage_error,1,Nadam,30,6,64,0.6596910243919152
mean_absolute_percentage_error,1,Nadam,30,6,128,0.7300798893800227
mean_absolute_percentage_error,1,Nadam,40,3,64,0.26688699066813504
mean_absolute_percentage_error,1,Nadam,40,3,128,0.6614050350660781
mean_absolute_percentage_error,1,Nadam,40,4,64,0.6199016208810844
mean_absolute_percentage_error,1,Nadam,40,4,128,0.8840975065315473
mean_absolute_percentage_error,1,Nadam,40,5,64,0.7707284032598184
mean_absolute_percentage_error,1,Nadam,40,5,128,0.7964205122514413
mean_absolute_percentage_error,1,Nadam,40,6,64,0.8222451837484788
mean_absolute_percentage_error,1,Nadam,40,6,128,0.8386392496835422
mean_absolute_percentage_error,1,Nadam,50,3,64,0.6735594227291012
mean_absolute_percentage_error,1,Nadam,50,3,128,0.684877267510895
mean_absolute_percentage_error,1,Nadam,50,4,64,0.8278014012745578
mean_absolute_percentage_error,1,Nadam,50,4,128,0.8190642823548709
mean_absolute_percentage_error,1,Nadam,50,5,64,0.7708573712917552
mean_absolute_percentage_error,1,Nadam,50,5,128,0.7200624754121865
mean_absolute_percentage_error,1,Nadam,50,6,64,0.7877334793990804
mean_absolute_percentage_error,1,Nadam,50,6,128,0.7246456072737948
mean_absolute_percentage_error,1,Nadam,60,3,64,0.6104222191770292
mean_absolute_percentage_error,1,Nadam,60,3,128,0.7526874606967164
mean_absolute_percentage_error,1,Nadam,60,4,64,0.8551568504734419
mean_absolute_percentage_error,1,Nadam,60,4,128,0.8372111343110443
mean_absolute_percentage_error,1,Nadam,60,5,64,0.821772834409505
mean_absolute_percentage_error,1,Nadam,60,5,128,0.8090108328487267
mean_absolute_percentage_error,1,Nadam,60,6,64,0.6796481428407253
mean_absolute_percentage_error,1,Nadam,60,6,128,0.823337942988208
mean_squared_logarithmic_error,1,SGD,30,3,64,-10.719236966514828
mean_squared_logarithmic_error,1,SGD,30,3,128,-4.757661142748563
mean_squared_logarithmic_error,1,SGD,30,4,64,-10.660109637029118
mean_squared_logarithmic_error,1,SGD,30,4,128,-6.699586322721009
mean_squared_logarithmic_error,1,SGD,30,5,64,-12.398480364513238
mean_squared_logarithmic_error,1,SGD,30,5,128,-5.413869412388867
mean_squared_logarithmic_error,1,SGD,30,6,64,-11.8643888006635
mean_squared_logarithmic_error,1,SGD,30,6,128,-5.216179900052713
mean_squared_logarithmic_error,1,SGD,40,3,64,-5.318618497948201
mean_squared_logarithmic_error,1,SGD,40,3,128,-2.7380370476247706
mean_squared_logarithmic_error,1,SGD,40,4,64,-10.240535673507454
mean_squared_logarithmic_error,1,SGD,40,4,128,-6.819370830851921
mean_squared_logarithmic_error,1,SGD,40,5,64,-10.045369970196779
mean_squared_logarithmic_error,1,SGD,40,5,128,-6.188685840094743
mean_squared_logarithmic_error,1,SGD,40,6,64,-6.361193402520644
mean_squared_logarithmic_error,1,SGD,40,6,128,-8.9418756256859
mean_squared_logarithmic_error,1,SGD,50,3,64,-10.692679366484757
mean_squared_logarithmic_error,1,SGD,50,3,128,-3.1354744110863777
mean_squared_logarithmic_error,1,SGD,50,4,64,-2.842813835603819
mean_squared_logarithmic_error,1,SGD,50,4,128,-7.602925764924013
mean_squared_logarithmic_error,1,SGD,50,5,64,-9.287858639144243
mean_squared_logarithmic_error,1,SGD,50,5,128,-12.440053037277181
mean_squared_logarithmic_error,1,SGD,50,6,64,-7.623571631140125
mean_squared_logarithmic_error,1,SGD,50,6,128,-8.560342455269565
mean_squared_logarithmic_error,1,SGD,60,3,64,-9.541658733068273
mean_squared_logarithmic_error,1,SGD,60,3,128,-6.066874386421338
mean_squared_logarithmic_error,1,SGD,60,4,64,-16.568609362585256
mean_squared_logarithmic_error,1,SGD,60,4,128,-11.443118720213684
mean_squared_logarithmic_error,1,SGD,60,5,64,-7.21590648063442
mean_squared_logarithmic_error,1,SGD,60,5,128,-9.159463147166415
mean_squared_logarithmic_error,1,SGD,60,6,64,-12.689162392976357
mean_squared_logarithmic_error,1,SGD,60,6,128,-12.100158989365134
mean_squared_logarithmic_error,1,RMSprop,30,3,64,-9.963834954632103
mean_squared_logarithmic_error,1,RMSprop,30,3,128,-7.978340694631404
mean_squared_logarithmic_error,1,RMSprop,30,4,64,-18.00506521655858
mean_squared_logarithmic_error,1,RMSprop,30,4,128,-6.831930650561391
mean_squared_logarithmic_error,1,RMSprop,30,5,64,-8.232788458024862
mean_squared_logarithmic_error,1,RMSprop,30,5,128,-8.3907614173979
mean_squared_logarithmic_error,1,RMSprop,30,6,64,-6.597723893589153
mean_squared_logarithmic_error,1,RMSprop,30,6,128,-9.678642907791794
mean_squared_logarithmic_error,1,RMSprop,40,3,64,-10.005133814574716
mean_squared_logarithmic_error,1,RMSprop,40,3,128,-11.987551459697654
mean_squared_logarithmic_error,1,RMSprop,40,4,64,-10.056737756010374
mean_squared_logarithmic_error,1,RMSprop,40,4,128,-6.480890063843145
mean_squared_logarithmic_error,1,RMSprop,40,5,64,-19.12904301231776
mean_squared_logarithmic_error,1,RMSprop,40,5,128,-16.760184194011224
mean_squared_logarithmic_error,1,RMSprop,40,6,64,-20.876546420477606
mean_squared_logarithmic_error,1,RMSprop,40,6,128,-9.093362394489345
mean_squared_logarithmic_error,1,RMSprop,50,3,64,-9.122982898543707
mean_squared_logarithmic_error,1,RMSprop,50,3,128,-8.533031015223854
mean_squared_logarithmic_error,1,RMSprop,50,4,64,-16.725822485717398
mean_squared_logarithmic_error,1,RMSprop,50,4,128,-9.121513619848946
mean_squared_logarithmic_error,1,RMSprop,50,5,64,-8.68840878607247
mean_squared_logarithmic_error,1,RMSprop,50,5,128,-6.11851186495299
mean_squared_logarithmic_error,1,RMSprop,50,6,64,-16.703417893582046
mean_squared_logarithmic_error,1,RMSprop,50,6,128,-11.519859411217853
mean_squared_logarithmic_error,1,RMSprop,60,3,64,-9.867072145222176
mean_squared_logarithmic_error,1,RMSprop,60,3,128,-5.758147318746285
mean_squared_logarithmic_error,1,RMSprop,60,4,64,-4.227678438142915
mean_squared_logarithmic_error,1,RMSprop,60,4,128,-7.975005051724125
mean_squared_logarithmic_error,1,RMSprop,60,5,64,-14.827625694638828
mean_squared_logarithmic_error,1,RMSprop,60,5,128,-9.682906766289006
mean_squared_logarithmic_error,1,RMSprop,60,6,64,-24.526640769992113
mean_squared_logarithmic_error,1,RMSprop,60,6,128,-5.466000626949235
mean_squared_logarithmic_error,1,Adam,30,3,64,-13.754676382481177
mean_squared_logarithmic_error,1,Adam,30,3,128,-13.43402069212287
mean_squared_logarithmic_error,1,Adam,30,4,64,-22.169378820141265
mean_squared_logarithmic_error,1,Adam,30,4,128,-9.161960729858484
mean_squared_logarithmic_error,1,Adam,30,5,64,-13.714079480270547
mean_squared_logarithmic_error,1,Adam,30,5,128,-8.513679706181053
mean_squared_logarithmic_error,1,Adam,30,6,64,-8.65928935827245
mean_squared_logarithmic_error,1,Adam,30,6,128,-9.30722181986509
mean_squared_logarithmic_error,1,Adam,40,3,64,-15.03106888791994
mean_squared_logarithmic_error,1,Adam,40,3,128,-12.42937078873944
mean_squared_logarithmic_error,1,Adam,40,4,64,-17.349734897711848
mean_squared_logarithmic_error,1,Adam,40,4,128,-7.608766091038369
mean_squared_logarithmic_error,1,Adam,40,5,64,-15.562547291255417
mean_squared_logarithmic_error,1,Adam,40,5,128,-5.651170723964858
mean_squared_logarithmic_error,1,Adam,40,6,64,-9.07942476912719
mean_squared_logarithmic_error,1,Adam,40,6,128,-9.797704576972485
mean_squared_logarithmic_error,1,Adam,50,3,64,-12.969299830087124
mean_squared_logarithmic_error,1,Adam,50,3,128,-8.331900951020714
mean_squared_logarithmic_error,1,Adam,50,4,64,-13.404494257394651
mean_squared_logarithmic_error,1,Adam,50,4,128,-9.811787683166633
mean_squared_logarithmic_error,1,Adam,50,5,64,-7.0208616093022
mean_squared_logarithmic_error,1,Adam,50,5,128,-7.375984243575525
mean_squared_logarithmic_error,1,Adam,50,6,64,-24.835469988870514
mean_squared_logarithmic_error,1,Adam,50,6,128,-11.016388117229788
mean_squared_logarithmic_error,1,Adam,60,3,64,-9.33401491358172
mean_squared_logarithmic_error,1,Adam,60,3,128,-12.479401523317973
mean_squared_logarithmic_error,1,Adam,60,4,64,-9.885933440422672
mean_squared_logarithmic_error,1,Adam,60,4,128,-10.234442188498303
mean_squared_logarithmic_error,1,Adam,60,5,64,-11.674940374776632
mean_squared_logarithmic_error,1,Adam,60,5,128,-4.717340409848265
mean_squared_logarithmic_error,1,Adam,60,6,64,-13.490313565255617
mean_squared_logarithmic_error,1,Adam,60,6,128,-16.687161240647125
mean_squared_logarithmic_error,1,Adadelta,30,3,64,-12.38035749121566
mean_squared_logarithmic_error,1,Adadelta,30,3,128,-12.69077091600512
mean_squared_logarithmic_error,1,Adadelta,30,4,64,-12.713784186077353
mean_squared_logarithmic_error,1,Adadelta,30,4,128,-12.401533761945132
mean_squared_logarithmic_error,1,Adadelta,30,5,64,-12.477791212252049
mean_squared_logarithmic_error,1,Adadelta,30,5,128,-12.393716382826724
mean_squared_logarithmic_error,1,Adadelta,30,6,64,-11.990951706335254
mean_squared_logarithmic_error,1,Adadelta,30,6,128,-12.500630381976936
mean_squared_logarithmic_error,1,Adadelta,40,3,64,-11.101745806922988
mean_squared_logarithmic_error,1,Adadelta,40,3,128,-12.13017688334605
mean_squared_logarithmic_error,1,Adadelta,40,4,64,-12.62463340387901
mean_squared_logarithmic_error,1,Adadelta,40,4,128,-12.660371788981628
mean_squared_logarithmic_error,1,Adadelta,40,5,64,-12.222639910104617
mean_squared_logarithmic_error,1,Adadelta,40,5,128,-12.191566549685648
mean_squared_logarithmic_error,1,Adadelta,40,6,64,-12.343164908195206
mean_squared_logarithmic_error,1,Adadelta,40,6,128,-12.286984831916163
mean_squared_logarithmic_error,1,Adadelta,50,3,64,-12.304018753588112
mean_squared_logarithmic_error,1,Adadelta,50,3,128,-12.973727255691836
mean_squared_logarithmic_error,1,Adadelta,50,4,64,-12.693303456600024
mean_squared_logarithmic_error,1,Adadelta,50,4,128,-12.20171037208233
mean_squared_logarithmic_error,1,Adadelta,50,5,64,-12.191135597391755
mean_squared_logarithmic_error,1,Adadelta,50,5,128,-12.16749834373455
mean_squared_logarithmic_error,1,Adadelta,50,6,64,-12.590763825756754
mean_squared_logarithmic_error,1,Adadelta,50,6,128,-12.284958888192746
mean_squared_logarithmic_error,1,Adadelta,60,3,64,-12.455769067804162
mean_squared_logarithmic_error,1,Adadelta,60,3,128,-12.554124555489922
mean_squared_logarithmic_error,1,Adadelta,60,4,64,-12.45191253292872
mean_squared_logarithmic_error,1,Adadelta,60,4,128,-12.562199401456631
mean_squared_logarithmic_error,1,Adadelta,60,5,64,-12.148426626719402
mean_squared_logarithmic_error,1,Adadelta,60,5,128,-12.5608556442735
mean_squared_logarithmic_error,1,Adadelta,60,6,64,-12.234579114473327
mean_squared_logarithmic_error,1,Adadelta,60,6,128,-12.224359101349611
mean_squared_logarithmic_error,1,Adagrad,30,3,64,-10.811602310259884
mean_squared_logarithmic_error,1,Adagrad,30,3,128,-10.180207401039299
mean_squared_logarithmic_error,1,Adagrad,30,4,64,-10.57179976840489
mean_squared_logarithmic_error,1,Adagrad,30,4,128,-10.761231283526872
mean_squared_logarithmic_error,1,Adagrad,30,5,64,-9.642647317710487
mean_squared_logarithmic_error,1,Adagrad,30,5,128,-5.59397103388646
mean_squared_logarithmic_error,1,Adagrad,30,6,64,-11.999642089921915
mean_squared_logarithmic_error,1,Adagrad,30,6,128,-9.915973427764001
mean_squared_logarithmic_error,1,Adagrad,40,3,64,-10.45999528509511
mean_squared_logarithmic_error,1,Adagrad,40,3,128,-9.952177892802531
mean_squared_logarithmic_error,1,Adagrad,40,4,64,-11.80953349888289
mean_squared_logarithmic_error,1,Adagrad,40,4,128,-8.225479665266812
mean_squared_logarithmic_error,1,Adagrad,40,5,64,-9.262814946365074
mean_squared_logarithmic_error,1,Adagrad,40,5,128,-8.224797198025485
mean_squared_logarithmic_error,1,Adagrad,40,6,64,-7.955489088598982
mean_squared_logarithmic_error,1,Adagrad,40,6,128,-5.875059580735779
mean_squared_logarithmic_error,1,Adagrad,50,3,64,-9.67308418338106
mean_squared_logarithmic_error,1,Adagrad,50,3,128,-10.206585208377133
mean_squared_logarithmic_error,1,Adagrad,50,4,64,-10.724093671582793
mean_squared_logarithmic_error,1,Adagrad,50,4,128,-10.312327179005198
mean_squared_logarithmic_error,1,Adagrad,50,5,64,-6.046719095976419
mean_squared_logarithmic_error,1,Adagrad,50,5,128,-4.864322199986595
mean_squared_logarithmic_error,1,Adagrad,50,6,64,-11.527289367626974
mean_squared_logarithmic_error,1,Adagrad,50,6,128,-7.170121984648683
mean_squared_logarithmic_error,1,Adagrad,60,3,64,-10.059715671045728
mean_squared_logarithmic_error,1,Adagrad,60,3,128,-7.764029918657251
mean_squared_logarithmic_error,1,Adagrad,60,4,64,-12.591825044055751
mean_squared_logarithmic_error,1,Adagrad,60,4,128,-8.921406401686111
mean_squared_logarithmic_error,1,Adagrad,60,5,64,-4.972096043186597
mean_squared_logarithmic_error,1,Adagrad,60,5,128,-9.997488106411643
mean_squared_logarithmic_error,1,Adagrad,60,6,64,-9.528302242858226
mean_squared_logarithmic_error,1,Adagrad,60,6,128,-8.472837772170497
mean_squared_logarithmic_error,1,Adamax,30,3,64,-11.332196465349632
mean_squared_logarithmic_error,1,Adamax,30,3,128,-14.875125467853428
mean_squared_logarithmic_error,1,Adamax,30,4,64,-3.3748557882674914
mean_squared_logarithmic_error,1,Adamax,30,4,128,-5.7696352406828595
mean_squared_logarithmic_error,1,Adamax,30,5,64,-17.058086483964317
mean_squared_logarithmic_error,1,Adamax,30,5,128,-13.262110369560274
mean_squared_logarithmic_error,1,Adamax,30,6,64,-28.470161781501908
mean_squared_logarithmic_error,1,Adamax,30,6,128,-10.224662558131309
mean_squared_logarithmic_error,1,Adamax,40,3,64,-7.03353666331869
mean_squared_logarithmic_error,1,Adamax,40,3,128,-10.02663245002171
mean_squared_logarithmic_error,1,Adamax,40,4,64,-3.216136593208427
mean_squared_logarithmic_error,1,Adamax,40,4,128,-2.9225168473206806
mean_squared_logarithmic_error,1,Adamax,40,5,64,-11.563843527420739
mean_squared_logarithmic_error,1,Adamax,40,5,128,-4.337415531427148
mean_squared_logarithmic_error,1,Adamax,40,6,64,-6.268694358307071
mean_squared_logarithmic_error,1,Adamax,40,6,128,-7.441916425529715
mean_squared_logarithmic_error,1,Adamax,50,3,64,-13.321954049050914
mean_squared_logarithmic_error,1,Adamax,50,3,128,-2.4310042376814893
mean_squared_logarithmic_error,1,Adamax,50,4,64,-9.014399650218719
mean_squared_logarithmic_error,1,Adamax,50,4,128,-9.36394833348703
mean_squared_logarithmic_error,1,Adamax,50,5,64,-15.65518157853139
mean_squared_logarithmic_error,1,Adamax,50,5,128,-9.181221858606678
mean_squared_logarithmic_error,1,Adamax,50,6,64,-19.493890772738656
mean_squared_logarithmic_error,1,Adamax,50,6,128,-13.605256662891176
mean_squared_logarithmic_error,1,Adamax,60,3,64,-10.095782633380404
mean_squared_logarithmic_error,1,Adamax,60,3,128,-10.99238755189182
mean_squared_logarithmic_error,1,Adamax,60,4,64,-9.632995425747335
mean_squared_logarithmic_error,1,Adamax,60,4,128,-12.948401503448727
mean_squared_logarithmic_error,1,Adamax,60,5,64,-16.806726136050273
mean_squared_logarithmic_error,1,Adamax,60,5,128,-17.95040926296169
mean_squared_logarithmic_error,1,Adamax,60,6,64,-11.521441681745104
mean_squared_logarithmic_error,1,Adamax,60,6,128,-25.826466545761274
mean_squared_logarithmic_error,1,Nadam,30,3,64,-11.3610751322663
mean_squared_logarithmic_error,1,Nadam,30,3,128,-9.755421700850203
mean_squared_logarithmic_error,1,Nadam,30,4,64,-9.303403798542869
mean_squared_logarithmic_error,1,Nadam,30,4,128,-10.722818646280011
mean_squared_logarithmic_error,1,Nadam,30,5,64,-15.574908983531362
mean_squared_logarithmic_error,1,Nadam,30,5,128,-14.403175992956013
mean_squared_logarithmic_error,1,Nadam,30,6,64,-26.614745483559627
mean_squared_logarithmic_error,1,Nadam,30,6,128,-21.087876370077918
mean_squared_logarithmic_error,1,Nadam,40,3,64,-13.559032021253971
mean_squared_logarithmic_error,1,Nadam,40,3,128,-5.31938880010758
mean_squared_logarithmic_error,1,Nadam,40,4,64,-2.1576579731975705
mean_squared_logarithmic_error,1,Nadam,40,4,128,-11.540625841589714
mean_squared_logarithmic_error,1,Nadam,40,5,64,-19.280211627046203
mean_squared_logarithmic_error,1,Nadam,40,5,128,-13.134777549292666
mean_squared_logarithmic_error,1,Nadam,40,6,64,-10.622392999577219
mean_squared_logarithmic_error,1,Nadam,40,6,128,-8.5234927674108
mean_squared_logarithmic_error,1,Nadam,50,3,64,-12.400778470550394
mean_squared_logarithmic_error,1,Nadam,50,3,128,-7.503464639217883
mean_squared_logarithmic_error,1,Nadam,50,4,64,-13.34551748823671
mean_squared_logarithmic_error,1,Nadam,50,4,128,-11.319842405160811
mean_squared_logarithmic_error,1,Nadam,50,5,64,-15.688131734824239
mean_squared_logarithmic_error,1,Nadam,50,5,128,-11.534377578777253
mean_squared_logarithmic_error,1,Nadam,50,6,64,-10.642597945071403
mean_squared_logarithmic_error,1,Nadam,50,6,128,-17.92292869290888
mean_squared_logarithmic_error,1,Nadam,60,3,64,-17.59710935993266
mean_squared_logarithmic_error,1,Nadam,60,3,128,-11.562075450954993
mean_squared_logarithmic_error,1,Nadam,60,4,64,-19.55309185577979
mean_squared_logarithmic_error,1,Nadam,60,4,128,-21.234684339514587
mean_squared_logarithmic_error,1,Nadam,60,5,64,-12.011430076366342
mean_squared_logarithmic_error,1,Nadam,60,5,128,-20.860854836213186
mean_squared_logarithmic_error,1,Nadam,60,6,64,-34.10854182371273
mean_squared_logarithmic_error,1,Nadam,60,6,128,-3.811806366620818
